Обет	Vow	Gelübde	Voto
Жертвенник	Altar	Altar	Altar
Кровь	Blood	Blut	Sangre
Первенец	Firstborn	Erstgeborener	Primogénito
Пасха	Passover	Passah	Pascua
Агнец	Lamb	Lamm	Cordero
Исход	Exodus	Auszug	Éxodo
Казни	Plagues	Plagen	Plagas
Тьма	Darkness	Finsternis	Oscuridad
Знамение	Sign	Zeichen	Señal
Облако	Cloud	Wolke	Nube
Огонь	Fire	Feuer	Fuego
Столп	Pillar	Säule	Columna
Золото	Gold	Gold	Oro
Теленок	Calf	Kalb	Becerro
Идол	Idol	Götze	Ídolo
Гнев	Wrath	Zorn	Ira
Ходатайство	Intercession	Fürbitte	Intercesión
Терпение	Patience	Geduld	Paciencia
Стены	Walls	Mauern	Murallas
Трубы	Trumpets	Posaunen	Trompetas
Крик	Shout	Schrei	Grito
Падение	Fall	Fall	Caída
Судьи	Judges	Richter	Jueces
Гедеон	Gideon	Gideon	Gedeón
Шерсть	Wool	Wolle	Lana
Знак	Sign	Zeichen	Señal
Ополчение	Militia	Heer	Milicia
Факел	Torch	Fackel	Antorcha
Кувшин	Jar	Krug	Cántaro
Страх	Fear	Furcht	Miedo
Самсон	Samson	Simson	Sansón
Сила	Strength	Kraft	Fuerza
Волосы	Hair	Haare	Cabello
Обман	Deceit	Betrug	Engaño
Далида	Delilah	Delila	Dalila
Плен	Captivity	Gefangenschaft	Cautiverio
Столбы	Pillars	Säulen	Columnas
Гибель	Destruction	Untergang	Destrucción
Руфь	Ruth	Rut	Rut
Поля	Fields	Felder	Campos
Колосья	Grain ears	Ähren	Espigas
Верность	Faithfulness	Treue	Fidelidad
Родство	Kinship	Verwandtschaft	Parentesco
Вооз	Boaz	Boas	Booz
Брак	Marriage	Ehe	Matrimonio
Саул	Saul	Saul	Saúl
Зависть	Envy	Neid	Envidia
Копьё	Spear	Speer	Lanza
Погоня	Pursuit	Verfolgung	Persecución
Пещера	Cave	Höhle	Cueva
Пощада	Mercy	Schonung	Clemencia
Плач	Lament	Klage	Llanto
Илия	Elijah	Elia	Elías
Дождь	Rain	Regen	Lluvia
Пророк	Prophet	Prophet	Profeta
Кармил	Carmel	Karmel	Carmelo
Испытание	Trial	Prüfung	Prueba
Елисей	Elisha	Elisa	Eliseo
Исцеление	Healing	Heilung	Sanación
Нееман	Naaman	Naaman	Naamán
Проказа	Leprosy	Aussatz	Lepra
Омовение	Washing	Waschung	Lavamiento
Иов	Job	Hiob	Job
Потеря	Loss	Verlust	Pérdida
Вопросы	Questions	Fragen	Preguntas
Восстановление	Restoration	Wiederherstellung	Restauración
Иона	Jonah	Jona	Jonás
Корабль	Ship	Schiff	Barco
Вихрь	Whirlwind	Wirbelwind	Torbellino
Жребий	Lot	Los	Suerte
Чрево	Belly	Bauch	Vientre
Покаяние	Repentance	Umkehr	Arrepentimiento
Ниневия	Nineveh	Ninive	Nínive
Есфирь	Esther	Ester	Ester
Царица	Queen	Königin	Reina
Пир	Feast	Festmahl	Banquete
Указ	Decree	Erlass	Decreto
Заступник	Advocate	Fürsprecher	Defensor
Избавление	Deliverance	Rettung	Liberación
Даниил	Daniel	Daniel	Daniel
Запрет	Prohibition	Verbot	Prohibición
Навуходоносор	Nebuchadnezzar	Nebukadnezar	Nabucodonosor
Печь	Furnace	Ofen	Horno
Ангел	Angel	Engel	Ángel
Крещение	Baptism	Taufe	Bautismo
Искушение	Temptation	Versuchung	Tentación
Прекословие	Opposition	Widerspruch	Oposición
Предатель	Traitor	Verräter	Traidor
Поцелуй	Kiss	Kuss	Beso
Серебро	Silver	Silber	Plata
Оковы	Shackles	Fesseln	Grilletes
Ложь	Lie	Lüge	Mentira
Осуждение	Condemnation	Verurteilung	Condena
Отвержение	Rejection	Ablehnung	Rechazo
Петух	Rooster	Hahn	Gallo
Слёзы	Tears	Tränen	Lágrimas
Раскаяние	Remorse	Reue	Remordimiento
Явление	Appearance	Erscheinung	Aparición
Обетование	Promise	Verheißung	Promesa
Дух	Spirit	Geist	Espíritu
Пятидесятница	Pentecost	Pfingsten	Pentecostés
Языки	Tongues	Sprachen	Lenguas
Речь	Speech	Rede	Discurso
Проповедь	Sermon	Predigt	Sermón
Церковь	Church	Kirche	Iglesia
Сонм	Assembly	Schar	Asamblea
Собрание	Congregation	Versammlung	Congregación
Апостол	Apostle	Apostel	Apóstol
Служение	Ministry	Dienst	Ministerio
Учение	Teaching	Lehre	Enseñanza
Наставление	Instruction	Unterweisung	Instrucción
Обличение	Rebuke	Zurechtweisung	Reprensión
Исправление	Correction	Berichtigung	Corrección
Посольство	Embassy	Gesandtschaft	Embajada
Свидетельство	Testimony	Zeugnis	Testimonio
Страдание	Suffering	Leiden	Sufrimiento
Гонение	Persecution	Verfolgung	Persecución
Сокровище	Treasure	Schatz	Tesoro
Стража	Guard	Wache	Guardia
Соблазн	Temptation	Verlockung	Tentación
Исповедание	Confession	Bekenntnis	Confesión
Чистота	Purity	Reinheit	Pureza
Рвение	Zeal	Eifer	Celo
Постоянство	Steadfastness	Beständigkeit	Constancia
Упование	Trust	Zuversicht	Confianza
Миротворец	Peacemaker	Friedensstifter	Pacificador
Блаженство	Blessedness	Seligkeit	Bienaventuranza
Заповедь	Commandment	Gebot	Mandamiento
Повеление	Command	Befehl	Mandato
Мудрец	Wise man	Weiser	Sabio
Глупец	Fool	Narr	Necio
Совет	Counsel	Rat	Consejo
Соль	Salt	Salz	Sal
Закваска	Leaven	Sauerteig	Levadura
Жатва	Harvest	Ernte	Cosecha
Иеффай	Jephthah	Jeftah	Jefté
Девора	Deborah	Debora	Débora
Варак	Barak	Barak	Barac
Сисара	Sisera	Sisera	Sísara
Гофониил	Othniel	Otniel	Otoniel
Аод	Ehud	Ehud	Aod
Есевон	Heshbon	Heschbon	Hesbón
Иавис	Jabesh	Jabesch	Jabes
Авимелех	Abimelech	Abimelech	Abimélec
Нафан	Nathan	Nathan	Natán
Ахав	Ahab	Ahab	Acab
Иезавель	Jezebel	Isebel	Jezabel
Иорам	Joram	Joram	Joram
Иосафат	Jehoshaphat	Joschafat	Josafat
Езекия	Hezekiah	Hiskia	Ezequías
Иосия	Josiah	Josia	Josías
Манассия	Manasseh	Manasse	Manasés
Ровоам	Rehoboam	Rehabeam	Roboam
Иеровоам	Jeroboam	Jerobeam	Jeroboam
Асаия	Asaiah	Asaja	Asaías
Мардохей	Mordecai	Mordechai	Mardoqueo
Аман	Haman	Haman	Amán
Артаксеркс	Artaxerxes	Artaxerxes	Artajerjes
Кир	Cyrus	Kyrus	Ciro
Дарий	Darius	Darius	Darío
Ездра	Ezra	Esra	Esdras
Неемия	Nehemiah	Nehemia	Nehemías
Аггей	Haggai	Haggai	Hageo
Осия	Hosea	Hosea	Oseas
Амос	Amos	Amos	Amós
Авдий	Obadiah	Obadja	Abdías
Иоиль	Joel	Joel	Joel
Михей	Micah	Micha	Miqueas
Иеремия	Jeremiah	Jeremia	Jeremías
Исаия	Isaiah	Jesaja	Isaías
Кесарь	Caesar	Kaiser	César
Феликс	Felix	Felix	Félix
Фест	Festus	Festus	Festo
Агриппа	Agrippa	Agrippa	Agripa
Анания	Ananias	Ananias	Ananías
Сапфира	Sapphira	Saphira	Safira
Корнилий	Cornelius	Kornelius	Cornelio
Симон	Simon	Simon	Simón
Прискилла	Priscilla	Priszilla	Priscila
Акила	Aquila	Aquila	Aquila
Аполлос	Apollos	Apollos	Apolos
Димас	Demas	Demas	Demas
Ефес	Ephesus	Ephesus	Éfeso
Коринф	Corinth	Korinth	Corinto
Антиохия	Antioch	Antiochia	Antioquía
Кесария	Caesarea	Cäsarea	Cesarea
Троада	Troas	Troas	Troas
Фессалоника	Thessalonica	Thessalonich	Tesalónica
Ассирия	Assyria	Assyrien	Asiria
Мидия	Media	Medien	Media
Едом	Edom	Edom	Edom
Моав	Moab	Moab	Moab
Аммон	Ammon	Ammon	Amón
Мадиам	Midian	Midian	Madián
Амалик	Amalek	Amalek	Amalec
Ханаан	Canaan	Kanaan	Canaán
Сихем	Shechem	Sichem	Siquem
Вефиль	Bethel	Bethel	Betel
Силом	Shiloh	Silo	Silo
Массифа	Mizpah	Mizpa	Mizpa
Сокхоф	Succoth	Sukkot	Sucot
Елим	Elim	Elim	Elim
Кадес	Kadesh	Kadesch	Cades
Фасга	Pisgah	Pisga	Pisga
Нево	Nebo	Nebo	Nebo
Ермон	Hermon	Hermon	Hermón
Фавор	Tabor	Tabor	Tabor
Арнон	Arnon	Arnon	Arnón
Иавок	Jabbok	Jabbok	Jaboc
Ефа	Ephah	Efa	Efa
Кадильница	Censer	Räucherpfanne	Incensario
Умывальник	Basin	Waschbecken	Lavatorio
Жезл	Rod	Stab	Vara
Притвор	Portico	Vorhalle	Pórtico
Вертеп	Grotto	Grotte	Gruta
Пелены	Swaddling clothes	Windeln	Pañales
Плащаница	Shroud	Leichentuch	Sudario
Миро	Anointing oil	Salböl	Aceite de unción
Динарий	Denarius	Denar	Denario
Талант	Talent	Talent	Talento
Мина	Mina	Mine	Mina
Сикль	Shekel	Schekel	Siclo
Локоть	Cubit	Elle	Codo
Свирель	Flute	Flöte	Flauta
Тимпан	Tambourine	Tamburin	Pandero
Псалтирь	Psalter	Psalter	Salterio
Рог	Horn	Horn	Cuerno
Багряница	Scarlet robe	Purpurmantel	Manto escarlata
Виссон	Fine linen	Feines Leinen	Lino fino
Хитон	Tunic	Tunika	Túnica
Риза	Robe	Gewand	Vestidura
Милоть	Sheepskin	Schaffell	Piel de oveja
Вретище	Sackcloth	Sacktuch	Cilicio
Жернов	Millstone	Mühlstein	Piedra de molino
Серп	Sickle	Sichel	Hoz
Ярмо	Yoke	Joch	Yugo
Секира	Axe	Axt	Hacha
Отвес	Plumb line	Senkblei	Plomada
Весы	Scales	Waage	Balanza
Горнило	Crucible	Schmelztiegel	Crisol
Мех	Wineskin	Schlauch	Odre
Кожа	Leather	Leder	Cuero
Смола	Pitch	Pech	Brea
Иссоп	Hyssop	Ysop	Hisopo
Полынь	Wormwood	Wermut	Ajenjo
Ливан	Lebanon	Libanon	Líbano
Мачта	Mast	Mast	Mástil
Волна	Wave	Welle	Ola
НОЙ	NOAH	NOAH	NOÉ
Персонаж	Character	Person	Personaje
праведность, мера, смола, ожидание	Righteousness, measure, pitch, waiting	Gerechtigkeit, Maß, Pech, Warten	Justicia, medida, brea, espera
Давид	David	David	David
овцы, пещера, венец, сокрушение	Sheep, cave, crown, contrition	Schafe, Höhle, Krone, Reue	Ovejas, cueva, corona, contrición
Моисей	Moses	Mose	Moisés
косноязычие, пламень, посредник, преемник	Slow speech, flame, mediator, successor	Schwere Zunge, Flamme, Mittler, Nachfolger	Habla lenta, llama, mediador, sucesor
непокорность, жребий, тень, покаяние	Disobedience, lot, shade, repentance	Ungehorsam, Los, Schatten, Umkehr	Desobediencia, suerte, sombra, arrepentimiento
Иосиф	Joseph	Josef	José
хитон, темница, истолкование, житница	Tunic, prison, interpretation, granary	Tunika, Gefängnis, Deutung, Kornspeicher	Túnica, prisión, interpretación, granero
Пётр	Peter	Petrus	Pedro
порыв, маловерие, слезы, пастырь	Impulse, little faith, tears, shepherd	Eifer, Kleinglaube, Tränen, Hirte	Impulso, poca fe, lágrimas, pastor
Павел	Paul	Paulus	Pablo
ревность, свет, узы, посланник	Zeal, light, bonds, messenger	Eifer, Licht, Fesseln, Bote	Celo, luz, cadenas, mensajero
Мария	Mary	Maria	María
смирение, осененение, меч, упование	Humility, overshadowing, sword, trust	Demut, Überschattung, Schwert, Zuversicht	Humildad, sombra, espada, confianza
Марфа	Martha	Marta	Marta
попечение, упрек, признание, служение	Care, rebuke, confession, service	Sorge, Tadel, Bekenntnis, Dienst	Cuidado, reproche, confesión, servicio
Лазарь	Lazarus	Lazarus	Lázaro
сон, задержка, камень, развязывание	Sleep, delay, stone, unbinding	Schlaf, Verzögerung, Stein, Losbinden	Sueño, demora, piedra, desatar
чужестранка, колос, край, искупление	Foreigner, grain, hem, redemption	Fremde, Ähre, Saum, Erlösung	Extranjera, espiga, borde, redención
молчание, пир, перстень, избавление	Silence, feast, ring, deliverance	Schweigen, Festmahl, Ring, Rettung	Silencio, banquete, anillo, liberación
Вифлеем	Bethlehem	Bethlehem	Belén
Город	City	Stadt	Ciudad
малость, пажити, звезда, дом_хлеба	Smallness, pastures, star, house of bread	Kleinheit, Weiden, Stern, Haus des Brotes	Pequeñez, pastos, estrella, casa del pan
Назарет	Nazareth	Nazareth	Nazaret
укоризна, сокрытие, древо, отрочество	Reproach, concealment, tree, childhood	Vorwurf, Verborgenheit, Baum, Jugend	Reproche, ocultamiento, árbol, juventud
преграда, обход, восклицание, заклятие	Barrier, march, shout, devotion	Hindernis, Umzug, Ruf, Bann	Barrera, marcha, grito, anatema
Иерусалим	Jerusalem	Jerusalem	Jerusalén
мир, побиение, плач, торжество	Peace, stoning, lament, celebration	Frieden, Steinigung, Klage, Jubel	Paz, lapidación, llanto, celebración
Галилея	Galilee	Galiläa	Galilea
язычники, сети, буря, отверженные	Gentiles, nets, storm, outcasts	Heiden, Netze, Sturm, Ausgestoßene	Gentiles, redes, tormenta, marginados
Синай	Sinai	Sinai	Sinaí
трепет, мрак, труба, заповедь	Trembling, darkness, trumpet, commandment	Zittern, Dunkelheit, Posaune, Gebot	Temblor, oscuridad, trompeta, mandamiento
Предмет	Object	Gegenstand	Objeto
чертеж, дверь, спасение, остаток	Design, door, salvation, remnant	Plan, Tür, Rettung, Überrest	Plano, puerta, salvación, remanente
Свиток	Scroll	Schriftrolle	Pergamino
горечь, сладость, печать, откровение	Bitterness, sweetness, seal, revelation	Bitterkeit, Süße, Siegel, Offenbarung	Amargura, dulzura, sello, revelación
гладкость, ручей, насмешка, поражение	Smoothness, stream, mockery, defeat	Glätte, Bach, Spott, Niederlage	Lisura, arroyo, burla, derrota
Арфа	Harp	Harfe	Arpa
злой_дух, утешение, струна, славословие	Evil spirit, comfort, string, praise	Böser Geist, Trost, Saite, Lob	Espíritu malo, consuelo, cuerda, alabanza
опора, змей, скала, расцветание	Support, serpent, rock, blossoming	Stütze, Schlange, Fels, Blüte	Apoyo, serpiente, roca, florecimiento
Символ	Symbol	Symbol	Símbolo
роса, мера, черви, сосуд	Dew, measure, worms, vessel	Tau, Maß, Würmer, Gefäß	Rocío, medida, gusanos, vasija
чеканка, миндаль, масло, бдение	Hammering, almond, oil, vigil	Treibarbeit, Mandel, Öl, Wache	Martillado, almendra, aceite, vigilia
Понятие	Concept	Begriff	Concepto
рассечение, кровь, клятва, знамение	Division, blood, oath, sign	Teilung, Blut, Eid, Zeichen	División, sangre, juramento, señal
Вера	Faith	Glaube	Fe
невидимое, уверенность, испытание, оправдание	Unseen, confidence, trial, justification	Unsichtbares, Gewissheit, Prüfung, Rechtfertigung	Invisible, certeza, prueba, justificación
суд, превозношение, нищий, даяние	Judgment, pride, beggar, giving	Gericht, Hochmut, Bettler, Geben	Juicio, orgullo, mendigo, dádiva
Благодать	Grace	Gnade	Gracia
дар, немощь, преизбыток, оправдание	Gift, weakness, abundance, justification	Gabe, Schwachheit, Überfluss, Rechtfertigung	Don, debilidad, abundancia, justificación
Молитва	Prayer	Gebet	Oración
клеть, неотступность, фимиам, воздыхание	Inner room, persistence, incense, sighing	Kammer, Beharrlichkeit, Weihrauch, Seufzen	Aposento, persistencia, incienso, suspiro
Притча	Parable	Gleichnis	Parábola
Жанр	Genre	Gattung	Género
тайна, уши, семя, разделение	Mystery, ears, seed, division	Geheimnis, Ohren, Same, Trennung	Misterio, oídos, semilla, separación
Псалом	Psalm	Psalm	Salmo
Книга/жанр	Book/genre	Buch/Gattung	Libro/género
вздох, струна, упование, начальник_хора	Sigh, string, trust, choirmaster	Seufzer, Saite, Zuversicht, Chorleiter	Suspiro, cuerda, confianza, director del coro
Книга	Book	Buch	Libro
стон, первенец, столб, пепел	Groan, firstborn, pillar, ashes	Stöhnen, Erstgeborener, Säule, Asche	Gemido, primogénito, columna, ceniza
Бытие	Genesis	Genesis	Génesis
пустота, разделение, дыхание, грехопадение	Void, separation, breath, fall	Leere, Trennung, Atem, Sündenfall	Vacío, separación, aliento, caída
Притчи	Proverbs	Sprüche	Proverbios
мудрость, глупость, серебро, стезя	Wisdom, folly, silver, path	Weisheit, Torheit, Silber, Pfad	Sabiduría, necedad, plata, senda
Евангелие	Gospel	Evangelium	Evangelio
благовестие, стопы, тайна, спасение	Good news, feet, mystery, salvation	Frohe Botschaft, Füße, Geheimnis, Rettung	Buenas nuevas, pies, misterio, salvación
посланничество, жребий, свидетельство, узы	Mission, lot, testimony, bonds	Sendung, Los, Zeugnis, Fesseln	Misión, suerte, testimonio, cadenas
Пустыня	Desert	Wüste	Desierto
глас, испытание, скорпионы, утешение	Voice, trial, scorpions, comfort	Stimme, Prüfung, Skorpione, Trost	Voz, prueba, escorpiones, consuelo
Храм	Temple	Tempel	Templo
завеса, курение, двор, разрушение	Curtain, incense, court, destruction	Vorhang, Räucherwerk, Hof, Zerstörung	Velo, incienso, atrio, destrucción
рога, кровь, огонь, примирение	Horns, blood, fire, reconciliation	Hörner, Blut, Feuer, Versöhnung	Cuernos, sangre, fuego, reconciliación
Имя	Name	Name	Nombre
Одежда	Clothing	Kleidung	Ropa
Еда	Food	Essen	Comida
Напиток	Drink	Getränk	Bebida
Страна	Country	Land	País
Здание	Building	Gebäude	Edificio
Действие	Action	Handlung	Acción
Эмоция	Emotion	Gefühl	Emoción
Растение	Plant	Pflanze	Planta
Природное явление	Natural phenomenon	Naturerscheinung	Fenómeno natural
Небесное тело	Celestial body	Himmelskörper	Cuerpo celeste
Музыкальный предмет	Musical object	Musikgegenstand	Objeto musical
Событие	Event	Ereignis	Suceso
Праведник	Righteous person	Gerechter	Justo
Грешник	Sinner	Sünder	Pecador
Пророчество	Prophecy	Prophezeiung	Profecía
Писание	Scripture	Schrift	Escritura
Могло существовать 100 лет назад	Could have existed 100 years ago	Konnte vor 100 Jahren existieren	Podría haber existido hace 100 años
Не могло существовать 100 лет назад	Could not have existed 100 years ago	Konnte vor 100 Jahren nicht existieren	No podría haber existido hace 100 años
Профессия	Profession	Beruf	Profesión
Слово не начинается, но заканчивается на эту букву	A word ending, not starting, with this letter	Ein Wort, das mit diesem Buchstaben endet, nicht beginnt	Una palabra que termine, no empiece, por esta letra
На что вы можете посмотреть прямо сейчас	Something you can look at right now	Etwas, das du jetzt sehen kannst	Algo que puedas ver ahora mismo
Знаменитая личность	Famous person	Berühmte Person	Persona famosa
Можно положить в карман	Fits in a pocket	Passt in eine Tasche	Cabe en un bolsillo
Можно сломать или испортить руками	Can be broken by hand	Kann mit den Händen zerbrochen werden	Se puede romper con las manos
Слово, в котором эта буква встречается дважды	A word containing this letter twice	Ein Wort mit diesem Buchstaben zweimal	Una palabra con esta letra dos veces
Связано с музыкой	Related to music	Hat mit Musik zu tun	Relacionado con la música
Можно увидеть в храме	Can be seen in a temple	Im Tempel zu sehen	Se puede ver en un templo
Можно увидеть на войне	Can be seen in war	Im Krieg zu sehen	Se puede ver en una guerra
Вещь, которую могли изготовить 1000 лет назад	Something made 1000 years ago	Etwas, das vor 1000 Jahren hergestellt werden konnte	Algo que se podía fabricar hace 1000 años
Можно увидеть в деревне	Can be seen in a village	In einem Dorf zu sehen	Se puede ver en un pueblo
Тоньше сантиметра	Thinner than a centimeter	Dünner als ein Zentimeter	Más fino que un centímetro
Абстрактное понятие	Abstract concept	Abstrakter Begriff	Concepto abstracto
Произведение (книга, песня, текст)	A work (book, song, text)	Ein Werk (Buch, Lied, Text)	Una obra (libro, canción, texto)
Гора, река, озеро или море	Mountain, river, lake or sea	Berg, Fluss, See oder Meer	Montaña, río, lago o mar
Вещь, которую можно сделать из металла	Something made of metal	Etwas aus Metall	Algo que se pueda hacer de metal
Вещь, которую можно сделать из дерева	Something made of wood	Etwas aus Holz	Algo que se pueda hacer de madera
Вещь, которую можно сделать из глины	Something made of clay	Etwas aus Ton	Algo que se pueda hacer de barro
Вещь, которую можно сделать из кожи	Something made of leather	Etwas aus Leder	Algo que se pueda hacer de cuero
Вещь, которая может служить для преступления	Something used in a crime	Etwas, das bei einer Straftat verwendet werden kann	Algo que se pueda usar en un delito
Вещь для служения	Something for ministry	Etwas für den Dienst	Algo para el servicio
Вещь для повседневности	An everyday item	Ein Alltagsgegenstand	Un objeto cotidiano
Вещество или материал	Substance or material	Stoff oder Material	Sustancia o material
Вещь, который есть у вашей семьи	Something your family owns	Etwas, das deine Familie besitzt	Algo que tenga tu familia
Вещь, которой нет у вашей семьи	Something your family does not own	Etwas, das deine Familie nicht besitzt	Algo que no tenga tu familia
Книга из Библии	A book of the Bible	Ein Buch der Bibel	Un libro de la Biblia
Книга Елены Вайт	A book by Ellen White	Ein Buch von Ellen White	Un libro de Elena White
Связано со служением	Related to ministry	Mit dem Dienst verbunden	Relacionado con el servicio
Положительный персонаж	A positive character	Eine positive Person	Un personaje positivo
Царь	King	König	Rey
Судья	Judge	Richter	Juez
Отец	Father	Vater	Padre
Мать	Mother	Mutter	Madre
Чудо	Miracle	Wunder	Milagro
Адам	Adam	Adam	Adán
Ева	Eve	Eva	Eva
Ной	Noah	Noah	Noé
Потоп	Flood	Sintflut	Diluvio
Авраам	Abraham	Abraham	Abraham
Сарра	Sarah	Sara	Sara
Исаак	Isaac	Isaak	Isaac
Сон	Dream	Traum	Sueño
Фараон	Pharaoh	Pharao	Faraón
Египет	Egypt	Ägypten	Egipto
Корзина	Basket	Korb	Cesta
Река	River	Fluss	Río
Море	Sea	Meer	Mar
Вода	Water	Wasser	Agua
Скала	Rock	Fels	Roca
Гора	Mountain	Berg	Monte
Закон	Law	Gesetz	Ley
Иисус	Jesus	Jesus	Jesús
Ясли	Manger	Krippe	Pesebre
Волхвы	Magi	Weise	Magos
Пастухи	Shepherds	Hirten	Pastores
Весть	News	Botschaft	Noticia
Рождение	Birth	Geburt	Nacimiento
Гвозди	Nails	Nägel	Clavos
Терновник	Thornbush	Dornbusch	Zarza
Голгофа	Golgotha	Golgatha	Gólgota
Плащ	Cloak	Mantel	Manto
Гроб	Tomb	Grab	Sepulcro
Камень	Stone	Stein	Piedra
Воскресение	Resurrection	Auferstehung	Resurrección
Ученики	Disciples	Jünger	Discípulos
Сеть	Net	Netz	Red
Лодка	Boat	Boot	Barca
Буря	Storm	Sturm	Tormenta
Сомнение	Doubt	Zweifel	Duda
Слепой	Blind man	Blinder	Ciego
Хромой	Lame man	Lahmer	Cojo
Прокажённый	Leper	Aussätziger	Leproso
Рыбы	Fish	Fische	Peces
Толпа	Crowd	Menge	Multitud
Сеятель	Sower	Sämann	Sembrador
Овца	Sheep	Schaf	Oveja
Пастух	Shepherd	Hirte	Pastor
Ягнёнок	Lamb	Lamm	Corderito
Стадо	Flock	Herde	Rebaño
Волк	Wolf	Wolf	Lobo
Лоза	Vine	Weinstock	Vid
Плод	Fruit	Frucht	Fruto
Смоковница	Fig tree	Feigenbaum	Higuera
Дом	House	Haus	Casa
Песок	Sand	Sand	Arena
Основание	Foundation	Fundament	Cimiento
Дверь	Door	Tür	Puerta
Дева	Virgin	Jungfrau	Virgen
Жених	Bridegroom	Bräutigam	Novio
Монета	Coin	Münze	Moneda
Драхма	Drachma	Drachme	Dracma
Радость	Joy	Freude	Alegría
Сын	Son	Sohn	Hijo
Наследство	Inheritance	Erbe	Herencia
Возвращение	Return	Rückkehr	Regreso
Прощение	Forgiveness	Vergebung	Perdón
Самарянин	Samaritan	Samariter	Samaritano
Дорога	Road	Straße	Camino
Разбойники	Robbers	Räuber	Ladrones
Рана	Wound	Wunde	Herida
Вино	Wine	Wein	Vino
Осёл	Donkey	Esel	Burro
Гостиница	Inn	Herberge	Posada
Алтарь	Altar	Altar	Altar
Жертва	Sacrifice	Opfer	Sacrificio
Свеча	Candle	Kerze	Vela
Завеса	Curtain	Vorhang	Velo
Двор	Court	Hof	Patio
Пост	Fasting	Fasten	Ayuno
Голиаф	Goliath	Goliath	Goliat
Победа	Victory	Sieg	Victoria
Престол	Throne	Thron	Trono
Диадима	Diadem	Diadem	Diadema
Соломон	Solomon	Salomo	Salomón
Мудрость	Wisdom	Weisheit	Sabiduría
Суд	Judgment	Gericht	Juicio
Ребёнок	Child	Kind	Niño
Решение	Decision	Entscheidung	Decisión
Справедливость	Justice	Gerechtigkeit	Justicia
Мир	Peace	Frieden	Paz
Благословение	Blessing	Segen	Bendición
Любовь	Love	Liebe	Amor
Жизнь	Life	Leben	Vida
Надежда	Hope	Hoffnung	Esperanza
Истина	Truth	Wahrheit	Verdad
Добро	Goodness	Güte	Bien
Зло	Evil	Böse	Mal
Слава	Glory	Herrlichkeit	Gloria
Усердие	Diligence	Fleiß	Diligencia
Покой	Rest	Ruhe	Reposo
Смирение	Humility	Demut	Humildad
Послушание	Obedience	Gehorsam	Obediencia
Ревность	Zeal	Eifer	Celo
Сердце	Heart	Herz	Corazón
Каин	Cain	Kain	Caín
Авель	Abel	Abel	Abel
Сиф	Seth	Set	Set
Енох	Enoch	Henoch	Enoc
Лот	Lot	Lot	Lot
Исав	Esau	Esau	Esaú
Ревекка	Rebekah	Rebekka	Rebeca
Рахиль	Rachel	Rahel	Raquel
Лия	Leah	Lea	Lea
Аарон	Aaron	Aaron	Aarón
Мариам	Miriam	Mirjam	Miriam
Самуил	Samuel	Samuel	Samuel
Ионафан	Jonathan	Jonatan	Jonatán
Авессалом	Absalom	Absalom	Absalón
Вирсавия	Bathsheba	Batseba	Betsabé
Никодим	Nicodemus	Nikodemus	Nicodemo
Закхей	Zacchaeus	Zachäus	Zaqueo
Варавва	Barabbas	Barabbas	Barrabás
Пилат	Pilate	Pilatus	Pilato
Ирод	Herod	Herodes	Herodes
Иуда	Judah	Juda	Judá
Фома	Thomas	Thomas	Tomás
Андрей	Andrew	Andreas	Andrés
Филипп	Philip	Philippus	Felipe
Матфей	Matthew	Matthäus	Mateo
Лука	Luke	Lukas	Lucas
Марк	Mark	Markus	Marcos
Варнава	Barnabas	Barnabas	Bernabé
Стефан	Stephen	Stephanus	Esteban
Тимофей	Timothy	Timotheus	Timoteo
Симеон	Simeon	Simeon	Simeón
Анна	Anna	Hanna	Ana
Елисавета	Elizabeth	Elisabeth	Elisabet
Гавриил	Gabriel	Gabriel	Gabriel
Михаил	Michael	Michael	Miguel
Сатана	Satan	Satan	Satanás
Самария	Samaria	Samaria	Samaria
Содом	Sodom	Sodom	Sodoma
Гоморра	Gomorrah	Gomorra	Gomorra
Дамаск	Damascus	Damaskus	Damasco
Рим	Rome	Rom	Roma
Вифания	Bethany	Bethanien	Betania
Хеврон	Hebron	Hebron	Hebrón
Сион	Zion	Zion	Sion
Капернаум	Capernaum	Kapernaum	Capernaúm
Ворон	Raven	Rabe	Cuervo
Змей	Serpent	Schlange	Serpiente
Козёл	Goat	Ziegenbock	Cabra
Телец	Bull	Stier	Becerro
Вол	Ox	Ochse	Buey
Свинья	Pig	Schwein	Cerdo
Саранча	Locust	Heuschrecke	Langosta
Мёд	Honey	Honig	Miel
Молоко	Milk	Milch	Leche
Мука	Flour	Mehl	Harina
Ячмень	Barley	Gerste	Cebada
Пшеница	Wheat	Weizen	Trigo
Лилия	Lily	Lilie	Lirio
Кедр	Cedar	Zeder	Cedro
Дуб	Oak	Eiche	Roble
Пальма	Palm	Palme	Palmera
Тростник	Reed	Schilf	Junco
Шлем	Helmet	Helm	Casco
Лук	Bow	Bogen	Arco
Стрела	Arrow	Pfeil	Flecha
Колесница	Chariot	Streitwagen	Carro
Якорь	Anchor	Anker	Ancla
Сосуд	Vessel	Gefäß	Vasija
Мешок	Sack	Sack	Saco
Обувь	Shoes	Schuhe	Calzado
Пояс	Belt	Gürtel	Cinturón
Перстень	Ring	Ring	Anillo
Гусли	Lyre	Leier	Lira
Кимвал	Cymbal	Zimbel	Címbalo
Ладан	Frankincense	Weihrauch	Incienso
Елей	Olive oil	Öl	Aceite
Медь	Copper	Kupfer	Cobre
Железо	Iron	Eisen	Hierro
Глина	Clay	Ton	Barro
Кирпич	Brick	Ziegel	Ladrillo
Шатёр	Tent	Zelt	Tienda
Колодезь	Well	Brunnen	Pozo
Роса	Dew	Tau	Rocío
Град	Hail	Hagel	Granizo
Снег	Snow	Schnee	Nieve
Ветер	Wind	Wind	Viento
Гром	Thunder	Donner	Trueno
Молния	Lightning	Blitz	Relámpago
Солнце	Sun	Sonne	Sol
Луна	Moon	Mond	Luna
Дым	Smoke	Rauch	Humo
Пепел	Ashes	Asche	Ceniza
Прах	Dust	Staub	Polvo
Суббота	Sabbath	Sabbat	Sábado
Праздник	Festival	Fest	Fiesta
Священник	Priest	Priester	Sacerdote
Левит	Levite	Levit	Levita
Фарисей	Pharisee	Pharisäer	Fariseo
Книжник	Scribe	Schriftgelehrter	Escriba
Мытарь	Tax collector	Zöllner	Recaudador
Раб	Slave	Sklave	Esclavo
Слуга	Servant	Diener	Siervo
Господин	Master	Herr	Señor
Работник	Worker	Arbeiter	Trabajador
Виноградник	Vineyard	Weinberg	Viñedo
Гумно	Threshing floor	Tenne	Era
Точило	Winepress	Kelter	Lagar
Житница	Granary	Kornspeicher	Granero
Странник	Stranger	Fremder	Peregrino
Сирота	Orphan	Waise	Huérfano
Вдова	Widow	Witwe	Viuda
Нищий	Beggar	Bettler	Mendigo
Долг	Debt	Schuld	Deuda
Милостыня	Alms	Almosen	Limosna
Клятва	Oath	Eid	Juramento
Дар	Gift	Gabe	Don
Десятина	Tithe	Zehnter	Diezmo
Приношение	Offering	Gabe	Ofrenda
Всесожжение	Burnt offering	Brandopfer	Holocausto
Жажда	Thirst	Durst	Sed
Пища	Food	Nahrung	Alimento
Трапеза	Meal	Mahlzeit	Comida
Вечеря	Supper	Abendmahl	Cena
Народ	People	Volk	Pueblo
Племя	Tribe	Stamm	Tribu
Колено	Tribe	Stamm	Tribu
Брат	Brother	Bruder	Hermano
Сестра	Sister	Schwester	Hermana
Юноша	Young man	Jüngling	Joven
Старец	Elder	Ältester	Anciano
Женщина	Woman	Frau	Mujer
Рука	Hand	Hand	Mano
Нога	Foot	Fuß	Pie
Глаз	Eye	Auge	Ojo
Ухо	Ear	Ohr	Oído
Уста	Lips	Lippen	Labios
Кость	Bone	Knochen	Hueso
Душа	Soul	Seele	Alma
Тело	Body	Körper	Cuerpo
Хлебы	Loaves	Brote	Panes
Сад	Garden	Garten	Jardín
Дерево	Tree	Baum	Árbol
Трава	Grass	Gras	Hierba
Цветок	Flower	Blume	Flor
Пастырь	Shepherd	Hirte	Pastor
Отрок	Boy	Knabe	Muchacho
Дитя	Child	Kind	Niño
Дочь	Daughter	Tochter	Hija
Жена	Wife	Ehefrau	Esposa
Муж	Husband	Ehemann	Esposo
Иисус Навин	Joshua	Josua	Josué
Амнон	Amnon	Amnon	Amnón
Седрах	Shadrach	Schadrach	Sadrac
Мисах	Meshach	Meschach	Mesac
Авденаго	Abednego	Abed-Nego	Abednego
Мордохей	Mordecai	Mordechai	Mardoqueo
Исайя	Isaiah	Jesaja	Isaías
Иезекииль	Ezekiel	Hesekiel	Ezequiel
Аввакум	Habakkuk	Habakuk	Habacuc
Захария	Zechariah	Sacharja	Zacarías
Иоанн Креститель	John the Baptist	Johannes der Täufer	Juan el Bautista
Мария (мать Иисуса)	Mary (mother of Jesus)	Maria (Mutter Jesu)	María (madre de Jesús)
Иисус Христос	Jesus Christ	Jesus Christus	Jesucristo
Иаков (апостол)	James (apostle)	Jakobus (Apostel)	Santiago (apóstol)
Иуда Искариот	Judas Iscariot	Judas Iskariot	Judas Iscariote
Вавилон	Babylon	Babylon	Babilonia
Гефсимания	Gethsemane	Gethsemane	Getsemaní
мирра	myrrh	Myrrhe	mirra
маслина	olive tree	Ölbaum	olivo
чаша	cup	Kelch	copa
мирт	myrtle	Myrte	mirto
терн	thorn	Dorn	espino
пастбище	pasture	Weide	pasto
башня	tower	Turm	torre
родник	spring	Quelle	manantial
кипарис	cypress	Zypresse	ciprés
шатер	tent	Zelt	tienda
меч	sword	Schwert	espada
ковёр	carpet	Teppich	alfombra
кора	bark	Rinde	corteza
жемчуг	pearls	Perlen	perlas
жемчужина	pearl	Perle	perla
Едем	Eden	Eden	Edén
Галаад	Gilead	Gilead	Galaad
Синай (гора)	Mount Sinai	Berg Sinai	Monte Sinaí
Тир	Tyre	Tyrus	Tiro
Сидон	Sidon	Sidon	Sidón
Вавилонская башня	Tower of Babel	Turm zu Babel	Torre de Babel
Пустыня Синайская	Sinai Desert	Sinaiwüste	Desierto del Sinaí
Море Галилейское	Sea of Galilee	See Genezareth	Mar de Galilea
Иордан (река)	Jordan River	Jordan	Río Jordán
Евфрат (река)	Euphrates River	Euphrat	Río Éufrates
Гора Елеонская	Mount of Olives	Ölberg	Monte de los Olivos
Газа	Gaza	Gaza	Gaza
Озеро Геннисаретское	Lake Gennesaret	See Genezareth	Lago de Genesaret
Вифезда	Bethesda	Bethesda	Betesda
Скиния собрания	Tent of Meeting	Stiftshütte	Tabernáculo de reunión
Кедрон (долина)	Kidron Valley	Kidrontal	Valle de Cedrón
Кущи (место праздника)	Festival booths	Laubhütten	Cabañas de la fiesta
Храм Соломона (в Иерусалиме)	Solomon Temple in Jerusalem	Salomos Tempel in Jerusalem	Templo de Salomón en Jerusalén
Патмос (остров)	Island of Patmos	Insel Patmos	Isla de Patmos
Апостолы	Apostles	Apostel	Apóstoles
Евангелисты	Evangelists	Evangelisten	Evangelistas
Патриархи	Patriarchs	Patriarchen	Patriarcas
Пророки	Prophets	Propheten	Profetas
Цари	Kings	Könige	Reyes
Жёны веры	Women of Faith	Frauen des Glaubens	Mujeres de fe
Женщины Библии	Women of the Bible	Frauen der Bibel	Mujeres de la Biblia
Команда Павла	Paul Team	Paulus und sein Team	Equipo de Pablo
Тит	Titus	Titus	Tito
Города	Cities	Städte	Ciudades
Чудеса	Miracles	Wunder	Milagros
Вода в вино	Water into Wine	Wasser zu Wein	Agua en vino
Накормил 5000	Feeding the 5000	Speisung der 5000	Alimentación de los 5000
Утихомирил бурю	Calming the Storm	Stillung des Sturms	Calmó la tormenta
Воскресил Лазаря	Raising Lazarus	Auferweckung des Lazarus	Resucitó a Lázaro
Всеоружие	Armor of God	Waffenrüstung Gottes	Armadura de Dios
Пояс истины	Belt of Truth	Gürtel der Wahrheit	Cinturón de la verdad
Броня праведности	Breastplate of Righteousness	Panzer der Gerechtigkeit	Coraza de justicia
Шлем спасения	Helmet of Salvation	Helm des Heils	Casco de salvación
Свет и призвание	Light and Calling	Licht und Berufung	Luz y vocación
Хлеб жизни	Bread of Life	Brot des Lebens	Pan de vida
Каменные слова	Words in Stone	Worte in Stein	Palabras de piedra
Зажги светильники	Light the Lamps	Entzünde die Lampen	Enciende las lámparas
Трубы надежды	Trumpets of Hope	Posaunen der Hoffnung	Trompetas de esperanza
Разорви цепи	Break the Chains	Sprenge die Ketten	Rompe las cadenas
Путь ковчега	Path of the Ark	Weg der Bundeslade	Camino del arca
Живой каскад	Living Cascade	Lebendige Kaskade	Cascada viva
Свет среди камней	Light among Stones	Licht zwischen Steinen	Luz entre piedras
Путь и испытания	Journey and Trials	Weg und Prüfungen	Camino y pruebas
Двойные скрижали	Double Tablets	Doppelte Tafeln	Tablas dobles
Плод виноградной лозы	Fruit of the Vine	Frucht des Weinstocks	Fruto de la vid
Освобождение	Liberation	Befreiung	Liberación
Семь светильников	Seven Lamps	Sieben Lampen	Siete lámparas
Венец и книга	Crown and Book	Krone und Buch	Corona y libro
Сильная комбинация	Powerful Combo	Starke Kombination	Combinación poderosa
Стены Иерихона	Walls of Jericho	Mauern von Jericho	Murallas de Jericó
Мир после бури	Peace after the Storm	Frieden nach dem Sturm	Paz tras la tormenta
Хлеб и рыбы	Bread and Fish	Brot und Fische	Pan y peces
Свет в испытании	Light in Trials	Licht in der Prüfung	Luz en la prueba
Царский путь	Royal Path	Königsweg	Camino real
Ковчег и скрижали	Ark and Tablets	Bundeslade und Tafeln	Arca y tablas
Песнь света	Song of Light	Lied des Lichts	Canto de luz
Свобода	Freedom	Freiheit	Libertad
Изобилие	Abundance	Überfluss	Abundancia
Свет и цепи	Light and Chains	Licht und Ketten	Luz y cadenas
Тройное испытание	Triple Trial	Dreifache Prüfung	Prueba triple
Великий урожай	Great Harvest	Große Ernte	Gran cosecha
Большой свет	Great Light	Großes Licht	Gran luz
Тернии и виноградник	Thorns and Vineyard	Dornen und Weinberg	Espinas y viñedo
Первая поросль	First Growth	Erster Wuchs	Primeros brotes
Лоза и плевелы	Vine and Weeds	Weinstock und Unkraut	Vid y cizaña
Светильники в терниях	Lamps in Thorns	Lampen in Dornen	Lámparas entre espinas
Скрижали в чаще	Tablets in the Thicket	Tafeln im Dickicht	Tablas en la espesura
Огонь очищения	Purifying Fire	Reinigendes Feuer	Fuego purificador
Рыбари в зарослях	Fishers in the Reeds	Fischer im Schilf	Pescadores entre juncos
Щит и терновый венец	Shield and Crown of Thorns	Schild und Dornenkrone	Escudo y corona de espinas
Каменное и живое	Stone and Life	Stein und Leben	Piedra y vida
Венец над полем	Crown over the Field	Krone über dem Feld	Corona sobre el campo
Выжженная чаща	Burned Thicket	Verbranntes Dickicht	Espesura quemada
Ковчег и скиния	Ark and Tabernacle	Bundeslade und Stiftshütte	Arca y tabernáculo
Ковчег в пути	Ark on the Journey	Bundeslade unterwegs	Arca en camino
Хлебы предложения	Bread of the Presence	Schaubrote	Panes de la proposición
Разорванные оковы	Broken Shackles	Zerbrochene Fesseln	Grilletes rotos
Скрижали в ковчеге	Tablets in the Ark	Tafeln in der Bundeslade	Tablas en el arca
Через тернии к скинии	Through Thorns to the Tabernacle	Durch Dornen zur Stiftshütte	Entre espinas hacia el tabernáculo
Свет над святилищем	Light over the Sanctuary	Licht über dem Heiligtum	Luz sobre el santuario
Каменный порог	Stone Threshold	Steinerne Schwelle	Umbral de piedra
Четыре ковчега	Four Arks	Vier Bundesladen	Cuatro arcas
Оковы и светильники	Shackles and Lamps	Fesseln und Lampen	Grilletes y lámparas
Скиния завета	Tabernacle of the Covenant	Stiftshütte des Bundes	Tabernáculo del pacto
Скиния	Tabernacle	Stiftshütte	Tabernáculo
Святилище	Sanctuary	Heiligtum	Santuario
Херувим	Cherub	Cherub	Querubín
Ефод	Ephod	Efod	Efod
Урим	Urim	Urim	Urim
Туммим	Thummim	Tummim	Tumim
Назорей	Nazirite	Nasiräer	Nazareo
Очищение	Purification	Reinigung	Purificación
Убежище	Refuge	Zuflucht	Refugio
Мститель	Avenger	Rächer	Vengador
Пленение	Exile	Verbannung	Destierro
Идолы	Idols	Götzen	Ídolos
Стена	Wall	Mauer	Muralla
Врата	Gates	Tore	Puertas
Созидание	Building	Aufbau	Edificación
Видение	Vision	Vision	Visión
Маслина	Olive tree	Ölbaum	Olivo
Колёса	Wheels	Räder	Ruedas
Кости	Bones	Knochen	Huesos
Дыхание	Breath	Atem	Aliento
Возрождение	Rebirth	Wiedergeburt	Renacimiento
Откровение	Revelation	Offenbarung	Apocalipsis
Таланты	Talents	Talente	Talentos
Отчёт	Account	Rechenschaft	Informe
Леность	Sloth	Trägheit	Pereza
Наказание	Punishment	Strafe	Castigo
Бесплодие	Barrenness	Unfruchtbarkeit	Esterilidad
Страдания	Sufferings	Leiden	Sufrimientos
Землетрясение	Earthquake	Erdbeben	Terremoto
Враги	Enemies	Feinde	Enemigos
Свидетель	Witness	Zeuge	Testigo
Слепота	Blindness	Blindheit	Ceguera
Путешествие	Journey	Reise	Viaje
Кораблекрушение	Shipwreck	Schiffbruch	Naufragio
Узы	Bonds	Fesseln	Cadenas
Темница	Prison	Gefängnis	Prisión
Пение	Singing	Gesang	Canto
Остров	Island	Insel	Isla
Патмос	Patmos	Patmos	Patmos
Церкви	Churches	Gemeinden	Iglesias
Печати	Seals	Siegel	Sellos
Всадники	Horsemen	Reiter	Jinetes
Конь	Horse	Pferd	Caballo
Меч	Sword	Schwert	Espada
Голод	Famine	Hunger	Hambre
Смерть	Death	Tod	Muerte
Язвы	Plagues	Plagen	Plagas
Чаша	Cup	Kelch	Copa
Зверь	Beast	Tier	Bestia
Печать	Seal	Siegel	Sello
Число	Number	Zahl	Número
Поклонение	Worship	Anbetung	Adoración
Изображение	Image	Bild	Imagen
Жизни	Life	Leben	Vida
Небо	Heaven	Himmel	Cielo
Земля	Earth	Erde	Tierra
Улицы	Streets	Straßen	Calles
Древо	Tree	Baum	Árbol
Народы	Nations	Völker	Naciones
Царство	Kingdom	Reich	Reino
Вечность	Eternity	Ewigkeit	Eternidad
Глас	Voice	Stimme	Voz
Полк	Regiment	Heer	Regimiento
Воинство	Host	Heerschar	Ejército
Битва	Battle	Schlacht	Batalla
Кровопролитие	Bloodshed	Blutvergießen	Derramamiento de sangre
Месть	Vengeance	Rache	Venganza
Ярость	Fury	Wut	Furia
Пламя	Flame	Flamme	Llama
Мрак	Gloom	Dunkelheit	Tinieblas
Бездна	Abyss	Abgrund	Abismo
Пропасть	Chasm	Kluft	Precipicio
Власть	Authority	Macht	Autoridad
Начала	Principalities	Fürstentümer	Principados
Господства	Dominions	Herrschaften	Dominios
Князь	Prince	Fürst	Príncipe
Легион	Legion	Legion	Legión
Отступление	Apostasy	Abfall	Apostasía
Лесть	Flattery	Schmeichelei	Adulación
Обещание	Promise	Versprechen	Promesa
Наследие	Heritage	Erbe	Legado
Торжество	Triumph	Triumph	Triunfo
Обновление	Renewal	Erneuerung	Renovación
Воздаяние	Recompense	Vergeltung	Retribución
Избавитель	Deliverer	Retter	Libertador
Нечестивый	Wicked person	Gottloser	Impío
Избранный	Chosen one	Auserwählter	Elegido
Служитель	Minister	Diener	Ministro
Преступление	Transgression	Übertretung	Transgresión
Беззаконие	Lawlessness	Gesetzlosigkeit	Iniquidad
Оправдание	Justification	Rechtfertigung	Justificación
Милосердие	Compassion	Barmherzigkeit	Misericordia
Спасение	Salvation	Rettung	Salvación
Мелхиседек	Melchizedek	Melchisedek	Melquisedec
Валаам	Balaam	Bileam	Balaam
Валак	Balak	Balak	Balac
Иофор	Jethro	Jitro	Jetro
Веселеил	Bezalel	Bezalel	Bezaleel
Надав	Nadab	Nadab	Nadab
Авиуд	Abihu	Abihu	Abiú
Корей	Korah	Korach	Coré
Дафан	Dathan	Datan	Datán
Авирон	Abiram	Abiram	Abiram
Финеес	Phinehas	Pinhas	Finees
Ахан	Achan	Achan	Acán
Раав	Rahab	Rahab	Rahab
Ахитофел	Ahithophel	Ahitofel	Ahitofel
Иоав	Joab	Joab	Joab
Авенир	Abner	Abner	Abner
Амессай	Amasa	Amasa	Amasa
Семей	Shimei	Schimi	Simei
Адония	Adonijah	Adonija	Adonías
Авиафар	Abiathar	Abjatar	Abiatar
Садок	Zadok	Zadok	Sadoc
Ванея	Benaiah	Benaja	Benaías
Гиезий	Gehazi	Gehasi	Giezi
Урия	Uriah	Uria	Urías
Иодай	Jehoiada	Jojada	Joiada
Гофолия	Athaliah	Atalja	Atalía
Иехония	Jeconiah	Jojachin	Jeconías
Седекия	Zedekiah	Zedekia	Sedequías
Зоровавель	Zerubbabel	Serubbabel	Zorobabel
Санаваллат	Sanballat	Sanballat	Sanbalat
Товия	Tobiah	Tobija	Tobías
Гесем	Geshem	Geschem	Gesem
Сузы	Susa	Susa	Susa
Харран	Haran	Haran	Harán
Лаодикия	Laodicea	Laodizea	Laodicea
Аравия	Arabia	Arabien	Arabia
Офир	Ophir	Ofir	Ofir
Фарсис	Tarshish	Tarschisch	Tarsis
Елам	Elam	Elam	Elam
Гог	Gog	Gog	Gog
Магог	Magog	Magog	Magog
Геенна	Gehenna	Gehenna	Gehena
Аваддон	Abaddon	Abaddon	Abadón
Веельзевул	Beelzebul	Beelzebul	Beelzebú
Молох	Molech	Moloch	Moloc
Ваал	Baal	Baal	Baal
Астарта	Ashtoreth	Astarte	Astarté
Дагон	Dagon	Dagon	Dagón
Милхом	Milcom	Milkom	Milcom
Престолы	Thrones	Throne	Tronos
Начальства	Principalities	Fürstentümer	Principados
Власти	Powers	Mächte	Potestades
Наперсник	Breastpiece	Brusttasche	Pectoral
Кидар	Turban	Turban	Turbante
Каждение	Burning incense	Räuchern	Quema de incienso
Фимиам	Incense	Räucherwerk	Incienso
Возлияние	Drink offering	Trankopfer	Libación
Потрясание	Wave offering	Schwingopfer	Ofrenda mecida
Первородство	Birthright	Erstgeburtsrecht	Primogenitura
Юбилей	Jubilee	Jubeljahr	Jubileo
Опресноки	Unleavened bread	Ungesäuertes Brot	Panes sin levadura
Кущи	Booths	Laubhütten	Cabañas
Труб	Trumpets	Posaunen	Trompetas
Отпущение	Release	Erlass	Remisión
Телица	Heifer	Jungkuh	Becerra
Истечение	Discharge	Ausfluss	Flujo
Скверна	Defilement	Befleckung	Contaminación
Нечистота	Uncleanness	Unreinheit	Impureza
Освящение	Sanctification	Heiligung	Santificación
Помазание	Anointing	Salbung	Unción
Посвящение	Dedication	Weihe	Consagración
Анафема	Anathema	Anathema	Anatema
Заклятие	Devoted to destruction	Bann	Consagrado a destrucción
Обрезание	Circumcision	Beschneidung	Circuncisión
Необрезание	Uncircumcision	Unbeschnittenheit	Incircuncisión
Синедрион	Sanhedrin	Sanhedrin	Sanedrín
Синагога	Synagogue	Synagoge	Sinagoga
Саддукеи	Sadducees	Sadduzäer	Saduceos
Претория	Praetorium	Prätorium	Pretorio
Суета	Vanity	Nichtigkeit	Vanidad
Томление	Vexation	Qual	Aflicción
Долготерпение	Longsuffering	Langmut	Paciencia
Благоволение	Favor	Wohlgefallen	Favor
Благочестие	Godliness	Frömmigkeit	Piedad
Кротость	Meekness	Sanftmut	Mansedumbre
Лицемерие	Hypocrisy	Heuchelei	Hipocresía
Злоречие	Slander	Verleumdung	Calumnia
Злословие	Reviling	Schmähung	Maledicencia
Гордыня	Pride	Hochmut	Orgullo
Уныние	Despondency	Mutlosigkeit	Desánimo
Обольщение	Deception	Verführung	Engaño
Лжепророк	False prophet	Falscher Prophet	Falso profeta
Антихрист	Antichrist	Antichrist	Anticristo
Первосвященник	High priest	Hohepriester	Sumo sacerdote
Искупление	Redemption	Erlösung	Redención
Умилостивление	Atonement	Sühne	Expiación
Вседержитель	Almighty	Allmächtiger	Todopoderoso
Саваоф	Lord of Hosts	Herr der Heerscharen	Señor de los ejércitos
Еммануил	Immanuel	Immanuel	Emanuel
Аллилуия	Hallelujah	Halleluja	Aleluya
Осанна	Hosanna	Hosianna	Hosanna
Аминь	Amen	Amen	Amén
Равви	Rabbi	Rabbi	Rabí
медный змей	bronze serpent	eherne Schlange	serpiente de bronce
тридцать сребренников	thirty silver coins	dreißig Silberstücke	treinta monedas de plata
венец из терна	crown of thorns	Dornenkrone	corona de espinas
лестница	ladder	Leiter	escalera
Арарат	Ararat	Ararat	Ararat
Мориа	Moriah	Morija	Moria
Тарс	Tarsus	Tarsus	Tarso
Афины	Athens	Athen	Atenas
Петр	Peter	Petrus	Pedro
море сделалось сушею	the sea became dry land	das Meer wurde trocken	el mar se volvió tierra seca
жезл Ааронов расцвел	Aaron rod blossomed	Aarons Stab blühte	la vara de Aarón floreció
отверз Господь уста ослицы	the Lord opened the donkey mouth	der Herr öffnete der Eselin den Mund	el Señor abrió la boca del asna
стена города обрушилась	the city wall fell	die Stadtmauer fiel	la muralla de la ciudad cayó
солнце остановилось	the sun stood still	die Sonne stand still	el sol se detuvo
огонь сошел с неба	fire came down from heaven	Feuer kam vom Himmel	cayó fuego del cielo
Иону бросили в море	Jonah was thrown into the sea	Jona wurde ins Meer geworfen	Jonás fue arrojado al mar
Иона был во чреве кита	Jonah was in the great fish	Jona war im großen Fisch	Jonás estuvo en el gran pez
Даниила бросили в ров львиный	Daniel was thrown into the lions den	Daniel wurde in die Löwengrube geworfen	Daniel fue arrojado al foso de los leones
три мужа ходят среди огня	three men walk in the fire	drei Männer gehen im Feuer	tres hombres caminan en el fuego
родился Иисус	Jesus was born	Jesus wurde geboren	nació Jesús
Иисус, крестившись, молился	Jesus prayed after being baptized	Jesus betete nach seiner Taufe	Jesús oró tras ser bautizado
вода сделалась вином	water became wine	Wasser wurde zu Wein	el agua se convirtió en vino
сделалась великая тишина	there was a great calm	es wurde ganz still	hubo una gran calma
Иисус шел по морю	Jesus walked on the sea	Jesus ging auf dem Meer	Jesús caminó sobre el mar
все ели и насытились	everyone ate and was satisfied	alle aßen und wurden satt	todos comieron y se saciaron
Лазарь! иди вон	Lazarus, come out	Lazarus, komm heraus	Lázaro, sal fuera
земля потряслась	the earth shook	die Erde bebte	la tierra tembló
завеса в храме раздралась	the temple curtain was torn	der Tempelvorhang zerriss	el velo del templo se rasgó
распяли Его	they crucified him	sie kreuzigten ihn	lo crucificaron
камень отвален от гроба	the stone was rolled from the tomb	der Stein wurde vom Grab weggerollt	la piedra fue apartada del sepulcro
Он воскрес	He is risen	Er ist auferstanden	Él resucitó
стал подниматься	he ascended	er fuhr auf	ascendió
исполнились все Духа Святого	all were filled with the Holy Spirit	alle wurden mit dem Heiligen Geist erfüllt	todos fueron llenos del Espíritu Santo
Савл, Савл! что ты гонишь Меня?	Saul, Saul, why do you persecute me?	Saul, Saul, warum verfolgst du mich?	Saulo, Saulo, ¿por qué me persigues?
Петр вышел из темницы	Peter left the prison	Petrus verließ das Gefängnis	Pedro salió de la prisión
поколебалось основание темницы	the prison foundations shook	die Gefängnisfundamente bebten	temblaron los cimientos de la prisión
Павел и Сила молились	Paul and Silas prayed	Paulus und Silas beteten	Pablo y Silas oraban
змей повис на руке его	a snake fastened onto his hand	eine Schlange hing an seiner Hand	una serpiente se prendió de su mano
воробей	sparrow	Sperling	gorrión
муравей	ant	Ameise	hormiga
виноградная лоза	grapevine	Weinrebe	vid
горчичное зерно	mustard seed	Senfkorn	grano de mostaza
рыболов	fisher	Fischer	pescador
плотник	carpenter	Zimmermann	carpintero
горшечник	potter	Töpfer	alfarero
кузнец	blacksmith	Schmied	herrero
ткач	weaver	Weber	tejedor
жнец	reaper	Schnitter	segador
виноградарь	vinedresser	Winzer	viñador
земледелец	farmer	Bauer	agricultor
хлебодар	baker	Bäcker	panadero
виночерпий	cupbearer	Mundschenk	copero
воин	warrior	Krieger	guerrero
сотник	centurion	Hauptmann	centurión
строитель	builder	Baumeister	constructor
каменотёс	stonemason	Steinmetz	cantero
корабельщик	shipbuilder	Schiffbauer	carpintero naval
врач	physician	Arzt	médico
привратник	gatekeeper	Torhüter	portero
серебряник	silversmith	Silberschmied	platero
делатель палаток	tentmaker	Zeltmacher	fabricante de tiendas
садовник	gardener	Gärtner	jardinero
кожевник	tanner	Gerber	curtidor
страж	watchman	Wächter	vigilante
певец	singer	Sänger	cantor
Иордан	Jordan	Jordan	Jordán
Иерихон	Jericho	Jericho	Jericó
скиния	tabernacle	Stiftshütte	tabernáculo
